{
  "total_companies": 100000,
  "success_rate": 0.40302,
  "sectors": {
    "SaaS": 25019,
    "AI/ML": 15095,
    "FinTech": 14894,
    "E-commerce": 10073,
    "HealthTech": 9926,
    "EdTech": 8082,
    "BioTech": 4991,
    "Gaming": 4986,
    "Cybersecurity": 4924,
    "Other": 2010
  },
  "stages": {
    "Series A": 30186,
    "Seed": 29932,
    "Series B": 20024,
    "Pre-seed": 14881,
    "Series C+": 4977
  },
  "avg_metrics": {
    "avg_funding": 14949796.56825,
    "avg_revenue": 11113036.73041,
    "avg_team_size": 46.23523,
    "avg_burn_multiple": 3.882241026428483
  }
}